レディース,,
メンズ,,
ベビー・キッズ,,
レディース,トップス,
レディース,トップス,Tシャツ/カットソー(半袖/袖なし)
レディース,トップス,Tシャツ/カットソー(七分/長袖)
レディース,トップス,シャツ/ブラウス(半袖/袖なし)
レディース,トップス,シャツ/ブラウス(七分/長袖)
レディース,トップス,ポロシャツ
レディース,トップス,キャミソール
レディース,トップス,タンクトップ
レディース,トップス,ホルターネック
レディース,トップス,ニット/セーター
レディース,トップス,チュニック
レディース,トップス,カーディガン/ボレロ
レディース,トップス,アンサンブル
レディース,トップス,ベスト/ジレ
レディース,トップス,パーカー
レディース,ジャケット/アウター,
レディース,ジャケット/アウター,テーラードジャケット
レディース,ジャケット/アウター,ノーカラージャケット
レディース,ジャケット/アウター,Gジャン/デニムジャケット
レディース,ジャケット/アウター,レザージャケット
レディース,ジャケット/アウター,ダウンジャケット
レディース,ジャケット/アウター,ライダースジャケット
レディース,ジャケット/アウター,ミリタリージャケット
レディース,ジャケット/アウター,ダウンベスト
レディース,ジャケット/アウター,ジャンパー/ブルゾン
レディース,ジャケット/アウター,ポンチョ
レディース,ジャケット/アウター,ロングコート
レディース,ジャケット/アウター,トレンチコート
レディース,ジャケット/アウター,ダッフルコート
レディース,ジャケット/アウター,ピーコート
レディース,パンツ,
レディース,パンツ,デニム/ジーンズ
レディース,パンツ,ショートパンツ
レディース,パンツ,カジュアルパンツ
レディース,パンツ,ハーフパンツ
レディース,パンツ,チノパン
レディース,パンツ,ワークパンツ/カーゴパンツ
レディース,パンツ,クロップドパンツ
レディース,パンツ,サロペット/オーバーオール
レディース,パンツ,オールインワン
レディース,パンツ,サルエルパンツ
レディース,パンツ,ガウチョパンツ
レディース,パンツ,その他
レディース,スカート,
レディース,スカート,ミニスカート
レディース,スカート,ひざ丈スカート
レディース,スカート,ロングスカート
レディース,スカート,キュロット
レディース,スカート,その他
レディース,ワンピース,
レディース,ワンピース,ミニワンピース
レディース,ワンピース,ひざ丈ワンピース
レディース,ワンピース,ロングワンピース
レディース,ワンピース,その他
レディース,靴,
レディース,靴,ハイヒール/パンプス
レディース,靴,ブーツ
レディース,靴,サンダル
レディース,靴,スニーカー
レディース,靴,ミュール
レディース,靴,モカシン
レディース,靴,ローファー/革靴
レディース,靴,フラットシューズ/バレエシューズ
レディース,靴,長靴/レインシューズ
レディース,靴,その他
レディース,ルームウェア/パジャマ,
レディース,ルームウェア/パジャマ,パジャマ
レディース,ルームウェア/パジャマ,ルームウェア
レディース,レッグウェア,
レディース,レッグウェア,ソックス
レディース,レッグウェア,スパッツ/レギンス
レディース,レッグウェア,ストッキング/タイツ
レディース,レッグウェア,レッグウォーマー
レディース,レッグウェア,その他
レディース,帽子,
レディース,帽子,ニットキャップ/ビーニー
レディース,帽子,ハット
レディース,帽子,ハンチング/ベレー帽
レディース,帽子,キャップ
レディース,帽子,キャスケット
レディース,帽子,麦わら帽子
レディース,帽子,その他
レディース,バッグ,
レディース,バッグ,ハンドバッグ
レディース,バッグ,トートバッグ
レディース,バッグ,エコバッグ
レディース,バッグ,リュック/バックパック
レディース,バッグ,ボストンバッグ
レディース,バッグ,スポーツバッグ
レディース,バッグ,ショルダーバッグ
レディース,バッグ,クラッチバッグ
レディース,バッグ,ポーチ/バニティ
レディース,バッグ,ボディバッグ/ウェストバッグ
レディース,バッグ,マザーズバッグ
レディース,バッグ,メッセンジャーバッグ
レディース,バッグ,ビジネスバッグ
レディース,バッグ,旅行用バッグ/キャリーバッグ
レディース,アクセサリー,
レディース,アクセサリー,ネックレス
レディース,アクセサリー,ブレスレット
レディース,アクセサリー,バングル/リストバンド
レディース,アクセサリー,リング
レディース,アクセサリー,ピアス(片耳用)
レディース,アクセサリー,ピアス(両耳用)
レディース,アクセサリー,イヤリング
レディース,アクセサリー,アンクレット
レディース,アクセサリー,ブローチ/コサージュ
レディース,アクセサリー,チャーム
レディース,アクセサリー,その他
レディース,ヘアアクセサリー,
レディース,ヘアアクセサリー,ヘアゴム/シュシュ
レディース,ヘアアクセサリー,ヘアバンド/カチューシャ
レディース,ヘアアクセサリー,ヘアピン
レディース,ヘアアクセサリー,その他
レディース,小物,
レディース,小物,長財布
レディース,小物,折り財布
レディース,小物,コインケース/小銭入れ
レディース,小物,名刺入れ/定期入れ
レディース,小物,キーケース
レディース,小物,キーホルダー
レディース,小物,手袋/アームカバー
レディース,小物,ハンカチ
レディース,小物,ベルト
レディース,小物,マフラー/ショール
レディース,小物,ストール/スヌード
レディース,小物,バンダナ/スカーフ
レディース,小物,ネックウォーマー
レディース,小物,サスペンダー
レディース,小物,その他
レディース,時計,
レディース,時計,腕時計(アナログ)
レディース,時計,腕時計(デジタル)
レディース,時計,ラバーベルト
レディース,時計,レザーベルト
レディース,時計,金属ベルト
レディース,時計,その他
メンズ,トップス,
メンズ,トップス,Tシャツ/カットソー(半袖/袖なし)
メンズ,トップス,Tシャツ/カットソー(七分/長袖)
メンズ,トップス,シャツ
メンズ,トップス,ポロシャツ
メンズ,トップス,タンクトップ
メンズ,トップス,ニット/セーター
メンズ,トップス,パーカー
メンズ,トップス,カーディガン
メンズ,トップス,スウェット
メンズ,トップス,ジャージ
メンズ,トップス,ベスト
メンズ,トップス,その他
メンズ,ジャケット/アウター,
メンズ,ジャケット/アウター,テーラードジャケット
メンズ,ジャケット/アウター,ノーカラージャケット
メンズ,ジャケット/アウター,Gジャン/デニムジャケット
メンズ,ジャケット/アウター,レザージャケット
メンズ,ジャケット/アウター,ダウンジャケット
メンズ,ジャケット/アウター,ライダースジャケット
メンズ,ジャケット/アウター,ミリタリージャケット
メンズ,ジャケット/アウター,ナイロンジャケット
メンズ,ジャケット/アウター,フライトジャケット
メンズ,ジャケット/アウター,ダッフルコート
メンズ,ジャケット/アウター,ピーコート
メンズ,ジャケット/アウター,ステンカラーコート
メンズ,ジャケット/アウター,トレンチコート
メンズ,ジャケット/アウター,モッズコート
メンズ,パンツ,
メンズ,パンツ,デニム/ジーンズ
メンズ,パンツ,ワークパンツ/カーゴパンツ
メンズ,パンツ,スラックス
メンズ,パンツ,チノパン
メンズ,パンツ,ショートパンツ
メンズ,パンツ,ペインターパンツ
メンズ,パンツ,サルエルパンツ
メンズ,パンツ,オーバーオール
メンズ,パンツ,その他
メンズ,靴,
メンズ,靴,スニーカー
メンズ,靴,サンダル
メンズ,靴,ブーツ
メンズ,靴,モカシン
メンズ,靴,ドレス/ビジネス
メンズ,靴,長靴/レインシューズ
メンズ,靴,デッキシューズ
メンズ,靴,その他
メンズ,バッグ,
メンズ,バッグ,ショルダーバッグ
メンズ,バッグ,トートバッグ
メンズ,バッグ,ボストンバッグ
メンズ,バッグ,リュック/バックパック
メンズ,バッグ,ウエストポーチ
メンズ,バッグ,ボディーバッグ
メンズ,バッグ,ドラムバッグ
メンズ,バッグ,ビジネスバッグ
メンズ,バッグ,トラベルバッグ
メンズ,バッグ,メッセンジャーバッグ
メンズ,バッグ,エコバッグ
メンズ,バッグ,その他
メンズ,スーツ,
メンズ,スーツ,スーツジャケット
メンズ,スーツ,スーツベスト
メンズ,スーツ,スラックス
メンズ,スーツ,セットアップ
メンズ,スーツ,その他
メンズ,帽子,
メンズ,帽子,キャップ
メンズ,帽子,ハット
メンズ,帽子,ニットキャップ/ビーニー
メンズ,帽子,ハンチング/ベレー帽
メンズ,帽子,キャスケット
メンズ,帽子,サンバイザー
メンズ,帽子,その他
メンズ,アクセサリー,
メンズ,アクセサリー,ネックレス
メンズ,アクセサリー,ブレスレット
メンズ,アクセサリー,バングル/リストバンド
メンズ,アクセサリー,リング
メンズ,アクセサリー,ピアス(片耳用)
メンズ,アクセサリー,ピアス(両耳用)
メンズ,アクセサリー,アンクレット
メンズ,アクセサリー,その他
メンズ,小物,
メンズ,小物,長財布
メンズ,小物,折り財布
メンズ,小物,マネークリップ
メンズ,小物,コインケース/小銭入れ
メンズ,小物,名刺入れ/定期入れ
メンズ,小物,キーケース
メンズ,小物,キーホルダー
メンズ,小物,ネクタイ
メンズ,小物,手袋
メンズ,小物,ハンカチ
メンズ,小物,ベルト
メンズ,小物,マフラー
メンズ,小物,ストール
メンズ,小物,バンダナ
メンズ,時計,
メンズ,時計,腕時計(アナログ)
メンズ,時計,腕時計(デジタル)
メンズ,時計,ラバーベルト
メンズ,時計,レザーベルト
メンズ,時計,金属ベルト
メンズ,時計,その他
メンズ,水着,
メンズ,水着,一般水着
メンズ,水着,スポーツ用
メンズ,水着,アクセサリー
メンズ,水着,その他
メンズ,レッグウェア,
メンズ,レッグウェア,ソックス
メンズ,レッグウェア,レギンス/スパッツ
メンズ,レッグウェア,レッグウォーマー
メンズ,レッグウェア,その他
メンズ,アンダーウェア,
メンズ,アンダーウェア,トランクス
メンズ,アンダーウェア,ボクサーパンツ
メンズ,アンダーウェア,その他
メンズ,その他,
ベビー・キッズ,ベビー服(女の子用) ~95cm,
ベビー・キッズ,ベビー服(女の子用) ~95cm,トップス
ベビー・キッズ,ベビー服(女の子用) ~95cm,アウター
ベビー・キッズ,ベビー服(女の子用) ~95cm,パンツ
ベビー・キッズ,ベビー服(女の子用) ~95cm,スカート
ベビー・キッズ,ベビー服(女の子用) ~95cm,ワンピース
ベビー・キッズ,ベビー服(女の子用) ~95cm,ベビードレス
ベビー・キッズ,ベビー服(女の子用) ~95cm,おくるみ
ベビー・キッズ,ベビー服(女の子用) ~95cm,下着/肌着
ベビー・キッズ,ベビー服(女の子用) ~95cm,パジャマ
ベビー・キッズ,ベビー服(女の子用) ~95cm,ロンパース
ベビー・キッズ,ベビー服(女の子用) ~95cm,その他
ベビー・キッズ,ベビー服(男の子用) ~95cm,
ベビー・キッズ,ベビー服(男の子用) ~95cm,トップス
ベビー・キッズ,ベビー服(男の子用) ~95cm,アウター
ベビー・キッズ,ベビー服(男の子用) ~95cm,パンツ
ベビー・キッズ,ベビー服(男の子用) ~95cm,おくるみ
ベビー・キッズ,ベビー服(男の子用) ~95cm,下着/肌着
ベビー・キッズ,ベビー服(男の子用) ~95cm,パジャマ
ベビー・キッズ,ベビー服(男の子用) ~95cm,ロンパース
ベビー・キッズ,ベビー服(男の子用) ~95cm,その他
ベビー・キッズ,ベビー服(男女兼用) ~95cm,
ベビー・キッズ,ベビー服(男女兼用) ~95cm,トップス
ベビー・キッズ,ベビー服(男女兼用) ~95cm,アウター
ベビー・キッズ,ベビー服(男女兼用) ~95cm,パンツ
ベビー・キッズ,ベビー服(男女兼用) ~95cm,おくるみ
ベビー・キッズ,ベビー服(男女兼用) ~95cm,下着/肌着
ベビー・キッズ,ベビー服(男女兼用) ~95cm,パジャマ
ベビー・キッズ,ベビー服(男女兼用) ~95cm,ロンパース
ベビー・キッズ,ベビー服(男女兼用) ~95cm,その他
ベビー・キッズ,キッズ服(女の子用) 100cm~,
ベビー・キッズ,キッズ服(女の子用) 100cm~,コート
ベビー・キッズ,キッズ服(女の子用) 100cm~,ジャケット/上着
ベビー・キッズ,キッズ服(女の子用) 100cm~,トップス(Tシャツ/カットソー)
ベビー・キッズ,キッズ服(女の子用) 100cm~,トップス(トレーナー)
ベビー・キッズ,キッズ服(女の子用) 100cm~,トップス(チュニック)
ベビー・キッズ,キッズ服(女の子用) 100cm~,トップス(タンクトップ)
ベビー・キッズ,キッズ服(女の子用) 100cm~,トップス(その他)
ベビー・キッズ,キッズ服(女の子用) 100cm~,スカート
ベビー・キッズ,キッズ服(女の子用) 100cm~,パンツ
ベビー・キッズ,キッズ服(女の子用) 100cm~,ワンピース
ベビー・キッズ,キッズ服(女の子用) 100cm~,セットアップ
ベビー・キッズ,キッズ服(女の子用) 100cm~,パジャマ
ベビー・キッズ,キッズ服(女の子用) 100cm~,フォーマル/ドレス
ベビー・キッズ,キッズ服(女の子用) 100cm~,和服
ベビー・キッズ,キッズ服(男の子用) 100cm~,
ベビー・キッズ,キッズ服(男の子用) 100cm~,コート
ベビー・キッズ,キッズ服(男の子用) 100cm~,ジャケット/上着
ベビー・キッズ,キッズ服(男の子用) 100cm~,トップス(Tシャツ/カットソー)
ベビー・キッズ,キッズ服(男の子用) 100cm~,トップス(トレーナー)
ベビー・キッズ,キッズ服(男の子用) 100cm~,トップス(その他)
ベビー・キッズ,キッズ服(男の子用) 100cm~,パンツ
ベビー・キッズ,キッズ服(男の子用) 100cm~,セットアップ
ベビー・キッズ,キッズ服(男の子用) 100cm~,パジャマ
ベビー・キッズ,キッズ服(男の子用) 100cm~,フォーマル/ドレス
ベビー・キッズ,キッズ服(男の子用) 100cm~,和服
ベビー・キッズ,キッズ服(男の子用) 100cm~,浴衣
ベビー・キッズ,キッズ服(男の子用) 100cm~,甚平
ベビー・キッズ,キッズ服(男の子用) 100cm~,水着
ベビー・キッズ,キッズ服(男の子用) 100cm~,その他
ベビー・キッズ,キッズ服(男女兼用) 100cm~,
ベビー・キッズ,キッズ服(男女兼用) 100cm~,コート
ベビー・キッズ,キッズ服(男女兼用) 100cm~,ジャケット/上着
ベビー・キッズ,キッズ服(男女兼用) 100cm~,トップス(Tシャツ/カットソー)
ベビー・キッズ,キッズ服(男女兼用) 100cm~,トップス(トレーナー)
ベビー・キッズ,キッズ服(男女兼用) 100cm~,トップス(その他)
ベビー・キッズ,キッズ服(男女兼用) 100cm~,ボトムス
ベビー・キッズ,キッズ服(男女兼用) 100cm~,パジャマ
ベビー・キッズ,キッズ服(男女兼用) 100cm~,その他
ベビー・キッズ,キッズ靴,
ベビー・キッズ,キッズ靴,スニーカー
ベビー・キッズ,キッズ靴,サンダル
ベビー・キッズ,キッズ靴,ブーツ
ベビー・キッズ,キッズ靴,長靴
ベビー・キッズ,キッズ靴,その他
ベビー・キッズ,子ども用ファッション小物,
ベビー・キッズ,子ども用ファッション小物,靴下/スパッツ
ベビー・キッズ,子ども用ファッション小物,帽子
ベビー・キッズ,子ども用ファッション小物,エプロン
ベビー・キッズ,子ども用ファッション小物,サスペンダー
ベビー・キッズ,子ども用ファッション小物,タイツ
ベビー・キッズ,子ども用ファッション小物,ハンカチ
ベビー・キッズ,子ども用ファッション小物,バンダナ
ベビー・キッズ,子ども用ファッション小物,ベルト
ベビー・キッズ,子ども用ファッション小物,マフラー
ベビー・キッズ,子ども用ファッション小物,傘
ベビー・キッズ,子ども用ファッション小物,手袋
ベビー・キッズ,子ども用ファッション小物,スタイ
ベビー・キッズ,子ども用ファッション小物,バッグ
ベビー・キッズ,子ども用ファッション小物,その他
ベビー・キッズ,おむつ/トイレ/バス,
ベビー・キッズ,おむつ/トイレ/バス,おむつ用品
ベビー・キッズ,おむつ/トイレ/バス,おまる/補助便座
ベビー・キッズ,おむつ/トイレ/バス,トレーニングパンツ
ベビー・キッズ,おむつ/トイレ/バス,ベビーバス
ベビー・キッズ,おむつ/トイレ/バス,お風呂用品
ベビー・キッズ,おむつ/トイレ/バス,その他
ベビー・キッズ,外出/移動用品,
ベビー・キッズ,外出/移動用品,ベビーカー
ベビー・キッズ,外出/移動用品,抱っこひも/スリング
ベビー・キッズ,外出/移動用品,チャイルドシート
ベビー・キッズ,外出/移動用品,その他
ベビー・キッズ,授乳/食事,
ベビー・キッズ,授乳/食事,ミルク
ベビー・キッズ,授乳/食事,ベビーフード
ベビー・キッズ,授乳/食事,ベビー用食器
ベビー・キッズ,授乳/食事,その他
ベビー・キッズ,ベビー家具/寝具/室内用品,
ベビー・キッズ,ベビー家具/寝具/室内用品,ベッド
ベビー・キッズ,ベビー家具/寝具/室内用品,布団/毛布
ベビー・キッズ,ベビー家具/寝具/室内用品,イス
ベビー・キッズ,ベビー家具/寝具/室内用品,たんす
ベビー・キッズ,ベビー家具/寝具/室内用品,その他
ベビー・キッズ,おもちゃ,
ベビー・キッズ,おもちゃ,おふろのおもちゃ
ベビー・キッズ,おもちゃ,がらがら
ベビー・キッズ,おもちゃ,オルゴール
ベビー・キッズ,おもちゃ,ベビージム
ベビー・キッズ,おもちゃ,手押し車/カタカタ
ベビー・キッズ,おもちゃ,知育玩具
ベビー・キッズ,おもちゃ,その他
ベビー・キッズ,行事/記念品,
ベビー・キッズ,行事/記念品,お宮参り用品
ベビー・キッズ,行事/記念品,お食い初め用品
ベビー・キッズ,行事/記念品,アルバム
ベビー・キッズ,行事/記念品,手形/足形
ベビー・キッズ,行事/記念品,その他
